{
  "_Comment": {
    "SpawnRate": "Spawn rate",
    "IsEnabled": "False \u003d Disabled, true \u003d Enabled",
    "WorldCooldown": "Cooldown if cow milked in world (not in stall, like mechanisms)",
    "StallCooldown": "Cooldown if cow milked from Stall",
    "BreedingChance": "Chance of breeding to succeed",
    "BreedingCooldown": "How many ticks it takes before the cow can breed again",
    "GrowingAge": "How many ticks it takes for the baby cow to grow up",
    "Parent First": "First parent to fluid (empty is disable) example usage: \"lava\" \"water\"",
    "Parent Second": "Second parent to fluid (empty is disable) example usage: \"lava\" \"water\"",
    "Tip#1": "Cow rewards? Yes! Set enable to true, rate to zero, remove parents and make recipe with CraftTweaker!",
    "Tip#2": "Only breeding cow? Yes! Set enable to true, rate to zero and add parents!"
  },
  "_Comment Client": {
    "HideFluidLayerCow": "Disable fluid render layer cow in stall"
  },
  "Client": {
    "HideFluidLayerCow": false
  },
  "_Comment General": {
    "BreedingItemWork": "If true u can use the breeding item to get lower baby growing age",
    "ProjectETickRemove": "If true - \"Watch of Flowing Time\" not work on Cow Stall. From mod \"ProjectE\"",
    "NotEnoughtWandsTickRemove": "If true - \"Acceleration Wand\" not work on Cow Stall. From mod \"Not Enough Wand\"",
    "TorcherinoTickRemove": "If true - all types \"Torcherino\" not work on Cow Stall. From mod \"Torcherino\"",
    "randomthingsTickRemove": "If true - \"Time in a bottle\" not work on Cow Stall. From mod \"Random Things\"",
    "DisableBreedingItemForMachines": "Disables get breeding item via machines",
    "FluidCowsSpawnWeight": "Fluid cows spawn weight",
    "FluidCowsSpawnMin": "Fluid cows spawn min",
    "FluidCowsSpawnMax": "Fluid cows spawn max",
    "FluidCowsSpawnBlackListBiomes": "Fluid cows spawn black list biomes (modid:name)",
    "AcceleratorMaxSubstance": "Accelerator max substance per one wheat",
    "AcceleratorRadius": "Accelerator working radius",
    "AcceleratorSubstancePerCow": "Accelerator one substance per one cow",
    "AcceleratorMultiplier": "Accelerator speed up multiplier",
    "AcceleratorWaterPerConvert": "Accelerator water per one substance convert",
    "BlackListDimIds": "In what dim Id cow not spawn",
    "EnableConvertCowToDisplayer": "If true u can convert cow into displayer via halter",
    "BlackListCowToDisplayer": "Black list for \u0027cow to displayer\u0027 convert",
    "FeederBlackList": "Black list for \u0027what cows cant feed with Feeder\u0027",
    "EIOBlackListSpawning": "EIO Powered Spawner cant spawn any cow",
    "EIOBlackListSoulVial": "EIO Soul Vial cant store any cow",
    "EIONeedsCloning": "EIO Powered Spawner cloning cow every time (prevents spawn random cows from spawner)",
    "EIOEntityCostMultiplier": "EIO Powered Spawner need multiplier energy cost to spawn cow"
  },
  "General": {
    "BreedingItemWork": false,
    "ProjectETickRemove": false,
    "NotEnoughtWandsTickRemove": false,
    "TorcherinoTickRemove": false,
    "randomthingsTickRemove": false,
    "DisableBreedingItemForMachines": false,
    "FluidCowsSpawnWeight": 8,
    "FluidCowsSpawnMin": 4,
    "FluidCowsSpawnMax": 4,
    "FluidCowsSpawnBlackListBiomes": [
      "modid:name1",
      "modid:name2"
    ],
    "AcceleratorMaxSubstance": 6,
    "AcceleratorRadius": 5,
    "AcceleratorSubstancePerCow": 1,
    "AcceleratorMultiplier": 5,
    "AcceleratorWaterPerConvert": 10,
    "BlackListDimIds": [],
    "EnableConvertCowToDisplayer": true,
    "BlackListCowToDisplayer": [],
    "FeederBlackList": [],
    "EIOBlackListSpawning": false,
    "EIOBlackListSoulVial": false,
    "EIONeedsCloning": true,
    "EIOEntityCostMultiplier": 0
  },
  "emerald": {
    "SpawnRate": 100,
    "IsEnabled": true,
    "WorldCooldown": 4000,
    "StallCooldown": 4000,
    "BreedingChance": 50,
    "BreedingCooldown": 6000,
    "GrowingAge": -24000,
    "Parent First": "",
    "Parent Second": ""
  },
  "fuel_mixed_heavy": {
    "SpawnRate": 100,
    "IsEnabled": true,
    "WorldCooldown": 4000,
    "StallCooldown": 4000,
    "BreedingChance": 50,
    "BreedingCooldown": 6000,
    "GrowingAge": -24000,
    "Parent First": "",
    "Parent Second": ""
  },
  "refined_biofuel": {
    "SpawnRate": 100,
    "IsEnabled": true,
    "WorldCooldown": 4000,
    "StallCooldown": 4000,
    "BreedingChance": 50,
    "BreedingCooldown": 6000,
    "GrowingAge": -24000,
    "Parent First": "",
    "Parent Second": ""
  },
  "ic2biomass": {
    "SpawnRate": 100,
    "IsEnabled": true,
    "WorldCooldown": 4000,
    "StallCooldown": 4000,
    "BreedingChance": 50,
    "BreedingCooldown": 6000,
    "GrowingAge": -24000,
    "Parent First": "",
    "Parent Second": ""
  },
  "brass": {
    "SpawnRate": 100,
    "IsEnabled": true,
    "WorldCooldown": 4000,
    "StallCooldown": 4000,
    "BreedingChance": 50,
    "BreedingCooldown": 6000,
    "GrowingAge": -24000,
    "Parent First": "",
    "Parent Second": ""
  },
  "lead": {
    "SpawnRate": 100,
    "IsEnabled": true,
    "WorldCooldown": 4000,
    "StallCooldown": 4000,
    "BreedingChance": 50,
    "BreedingCooldown": 6000,
    "GrowingAge": -24000,
    "Parent First": "",
    "Parent Second": ""
  },
  "ic2biogas": {
    "SpawnRate": 100,
    "IsEnabled": true,
    "WorldCooldown": 4000,
    "StallCooldown": 4000,
    "BreedingChance": 50,
    "BreedingCooldown": 6000,
    "GrowingAge": -24000,
    "Parent First": "",
    "Parent Second": ""
  },
  "if.ore_fluid_fermented": {
    "SpawnRate": 100,
    "IsEnabled": true,
    "WorldCooldown": 4000,
    "StallCooldown": 4000,
    "BreedingChance": 50,
    "BreedingCooldown": 6000,
    "GrowingAge": -24000,
    "Parent First": "",
    "Parent Second": ""
  },
  "wildberryjuice": {
    "SpawnRate": 100,
    "IsEnabled": true,
    "WorldCooldown": 4000,
    "StallCooldown": 4000,
    "BreedingChance": 50,
    "BreedingCooldown": 6000,
    "GrowingAge": -24000,
    "Parent First": "",
    "Parent Second": ""
  },
  "end_steel": {
    "SpawnRate": 100,
    "IsEnabled": true,
    "WorldCooldown": 4000,
    "StallCooldown": 4000,
    "BreedingChance": 50,
    "BreedingCooldown": 6000,
    "GrowingAge": -24000,
    "Parent First": "",
    "Parent Second": ""
  },
  "uranium": {
    "SpawnRate": 100,
    "IsEnabled": true,
    "WorldCooldown": 4000,
    "StallCooldown": 4000,
    "BreedingChance": 50,
    "BreedingCooldown": 6000,
    "GrowingAge": -24000,
    "Parent First": "",
    "Parent Second": ""
  },
  "lifeessence": {
    "SpawnRate": 100,
    "IsEnabled": true,
    "WorldCooldown": 4000,
    "StallCooldown": 4000,
    "BreedingChance": 50,
    "BreedingCooldown": 6000,
    "GrowingAge": -24000,
    "Parent First": "",
    "Parent Second": ""
  },
  "canolaoil": {
    "SpawnRate": 100,
    "IsEnabled": true,
    "WorldCooldown": 4000,
    "StallCooldown": 4000,
    "BreedingChance": 50,
    "BreedingCooldown": 6000,
    "GrowingAge": -24000,
    "Parent First": "",
    "Parent Second": ""
  },
  "oil_heavy": {
    "SpawnRate": 100,
    "IsEnabled": true,
    "WorldCooldown": 4000,
    "StallCooldown": 4000,
    "BreedingChance": 50,
    "BreedingCooldown": 6000,
    "GrowingAge": -24000,
    "Parent First": "",
    "Parent Second": ""
  },
  "fuel_mixed_light_heat_2": {
    "SpawnRate": 100,
    "IsEnabled": true,
    "WorldCooldown": 4000,
    "StallCooldown": 4000,
    "BreedingChance": 50,
    "BreedingCooldown": 6000,
    "GrowingAge": -24000,
    "Parent First": "",
    "Parent Second": ""
  },
  "enderium": {
    "SpawnRate": 100,
    "IsEnabled": true,
    "WorldCooldown": 4000,
    "StallCooldown": 4000,
    "BreedingChance": 50,
    "BreedingCooldown": 6000,
    "GrowingAge": -24000,
    "Parent First": "",
    "Parent Second": ""
  },
  "oil_heat_1": {
    "SpawnRate": 100,
    "IsEnabled": true,
    "WorldCooldown": 4000,
    "StallCooldown": 4000,
    "BreedingChance": 50,
    "BreedingCooldown": 6000,
    "GrowingAge": -24000,
    "Parent First": "",
    "Parent Second": ""
  },
  "ice": {
    "SpawnRate": 100,
    "IsEnabled": true,
    "WorldCooldown": 4000,
    "StallCooldown": 4000,
    "BreedingChance": 50,
    "BreedingCooldown": 6000,
    "GrowingAge": -24000,
    "Parent First": "",
    "Parent Second": ""
  },
  "vibrant_alloy": {
    "SpawnRate": 100,
    "IsEnabled": true,
    "WorldCooldown": 4000,
    "StallCooldown": 4000,
    "BreedingChance": 50,
    "BreedingCooldown": 6000,
    "GrowingAge": -24000,
    "Parent First": "",
    "Parent Second": ""
  },
  "crystal": {
    "SpawnRate": 100,
    "IsEnabled": true,
    "WorldCooldown": 4000,
    "StallCooldown": 4000,
    "BreedingChance": 50,
    "BreedingCooldown": 6000,
    "GrowingAge": -24000,
    "Parent First": "",
    "Parent Second": ""
  },
  "iridium": {
    "SpawnRate": 100,
    "IsEnabled": true,
    "WorldCooldown": 4000,
    "StallCooldown": 4000,
    "BreedingChance": 50,
    "BreedingCooldown": 6000,
    "GrowingAge": -24000,
    "Parent First": "",
    "Parent Second": ""
  },
  "energetic_alloy": {
    "SpawnRate": 100,
    "IsEnabled": true,
    "WorldCooldown": 4000,
    "StallCooldown": 4000,
    "BreedingChance": 50,
    "BreedingCooldown": 6000,
    "GrowingAge": -24000,
    "Parent First": "",
    "Parent Second": ""
  },
  "murky_water": {
    "SpawnRate": 100,
    "IsEnabled": true,
    "WorldCooldown": 4000,
    "StallCooldown": 4000,
    "BreedingChance": 50,
    "BreedingCooldown": 6000,
    "GrowingAge": -24000,
    "Parent First": "",
    "Parent Second": ""
  },
  "petrotheum": {
    "SpawnRate": 100,
    "IsEnabled": true,
    "WorldCooldown": 4000,
    "StallCooldown": 4000,
    "BreedingChance": 50,
    "BreedingCooldown": 6000,
    "GrowingAge": -24000,
    "Parent First": "",
    "Parent Second": ""
  },
  "ic2air": {
    "SpawnRate": 100,
    "IsEnabled": true,
    "WorldCooldown": 4000,
    "StallCooldown": 4000,
    "BreedingChance": 50,
    "BreedingCooldown": 6000,
    "GrowingAge": -24000,
    "Parent First": "",
    "Parent Second": ""
  },
  "hootch": {
    "SpawnRate": 100,
    "IsEnabled": true,
    "WorldCooldown": 4000,
    "StallCooldown": 4000,
    "BreedingChance": 50,
    "BreedingCooldown": 6000,
    "GrowingAge": -24000,
    "Parent First": "",
    "Parent Second": ""
  },
  "oliveoil": {
    "SpawnRate": 100,
    "IsEnabled": true,
    "WorldCooldown": 4000,
    "StallCooldown": 4000,
    "BreedingChance": 50,
    "BreedingCooldown": 6000,
    "GrowingAge": -24000,
    "Parent First": "",
    "Parent Second": ""
  },
  "platinum": {
    "SpawnRate": 100,
    "IsEnabled": true,
    "WorldCooldown": 4000,
    "StallCooldown": 4000,
    "BreedingChance": 50,
    "BreedingCooldown": 6000,
    "GrowingAge": -24000,
    "Parent First": "",
    "Parent Second": ""
  },
  "fuel_dense_heat_2": {
    "SpawnRate": 100,
    "IsEnabled": true,
    "WorldCooldown": 4000,
    "StallCooldown": 4000,
    "BreedingChance": 50,
    "BreedingCooldown": 6000,
    "GrowingAge": -24000,
    "Parent First": "",
    "Parent Second": ""
  },
  "electrum": {
    "SpawnRate": 100,
    "IsEnabled": true,
    "WorldCooldown": 4000,
    "StallCooldown": 4000,
    "BreedingChance": 50,
    "BreedingCooldown": 6000,
    "GrowingAge": -24000,
    "Parent First": "",
    "Parent Second": ""
  },
  "empoweredoil": {
    "SpawnRate": 100,
    "IsEnabled": true,
    "WorldCooldown": 4000,
    "StallCooldown": 4000,
    "BreedingChance": 50,
    "BreedingCooldown": 6000,
    "GrowingAge": -24000,
    "Parent First": "",
    "Parent Second": ""
  },
  "oil_residue_heat_1": {
    "SpawnRate": 100,
    "IsEnabled": true,
    "WorldCooldown": 4000,
    "StallCooldown": 4000,
    "BreedingChance": 50,
    "BreedingCooldown": 6000,
    "GrowingAge": -24000,
    "Parent First": "",
    "Parent Second": ""
  },
  "supremium": {
    "SpawnRate": 100,
    "IsEnabled": true,
    "WorldCooldown": 4000,
    "StallCooldown": 4000,
    "BreedingChance": 50,
    "BreedingCooldown": 6000,
    "GrowingAge": -24000,
    "Parent First": "",
    "Parent Second": ""
  },
  "base_essence": {
    "SpawnRate": 100,
    "IsEnabled": true,
    "WorldCooldown": 4000,
    "StallCooldown": 4000,
    "BreedingChance": 50,
    "BreedingCooldown": 6000,
    "GrowingAge": -24000,
    "Parent First": "",
    "Parent Second": ""
  },
  "astralsorcery.liquidstarlight": {
    "SpawnRate": 100,
    "IsEnabled": true,
    "WorldCooldown": 4000,
    "StallCooldown": 4000,
    "BreedingChance": 50,
    "BreedingCooldown": 6000,
    "GrowingAge": -24000,
    "Parent First": "",
    "Parent Second": ""
  },
  "oil_heavy_heat_1": {
    "SpawnRate": 100,
    "IsEnabled": true,
    "WorldCooldown": 4000,
    "StallCooldown": 4000,
    "BreedingChance": 50,
    "BreedingCooldown": 6000,
    "GrowingAge": -24000,
    "Parent First": "",
    "Parent Second": ""
  },
  "dirt": {
    "SpawnRate": 100,
    "IsEnabled": true,
    "WorldCooldown": 4000,
    "StallCooldown": 4000,
    "BreedingChance": 50,
    "BreedingCooldown": 6000,
    "GrowingAge": -24000,
    "Parent First": "",
    "Parent Second": ""
  },
  "refinedcanolaoil": {
    "SpawnRate": 100,
    "IsEnabled": true,
    "WorldCooldown": 4000,
    "StallCooldown": 4000,
    "BreedingChance": 50,
    "BreedingCooldown": 6000,
    "GrowingAge": -24000,
    "Parent First": "",
    "Parent Second": ""
  },
  "latex": {
    "SpawnRate": 100,
    "IsEnabled": true,
    "WorldCooldown": 4000,
    "StallCooldown": 4000,
    "BreedingChance": 50,
    "BreedingCooldown": 6000,
    "GrowingAge": -24000,
    "Parent First": "",
    "Parent Second": ""
  },
  "heavywater": {
    "SpawnRate": 100,
    "IsEnabled": true,
    "WorldCooldown": 4000,
    "StallCooldown": 4000,
    "BreedingChance": 50,
    "BreedingCooldown": 6000,
    "GrowingAge": -24000,
    "Parent First": "",
    "Parent Second": ""
  },
  "fuel_gaseous": {
    "SpawnRate": 100,
    "IsEnabled": true,
    "WorldCooldown": 4000,
    "StallCooldown": 4000,
    "BreedingChance": 50,
    "BreedingCooldown": 6000,
    "GrowingAge": -24000,
    "Parent First": "",
    "Parent Second": ""
  },
  "aerotheum": {
    "SpawnRate": 100,
    "IsEnabled": true,
    "WorldCooldown": 4000,
    "StallCooldown": 4000,
    "BreedingChance": 50,
    "BreedingCooldown": 6000,
    "GrowingAge": -24000,
    "Parent First": "",
    "Parent Second": ""
  },
  "bronze": {
    "SpawnRate": 100,
    "IsEnabled": true,
    "WorldCooldown": 4000,
    "StallCooldown": 4000,
    "BreedingChance": 50,
    "BreedingCooldown": 6000,
    "GrowingAge": -24000,
    "Parent First": "",
    "Parent Second": ""
  },
  "soulium": {
    "SpawnRate": 100,
    "IsEnabled": true,
    "WorldCooldown": 4000,
    "StallCooldown": 4000,
    "BreedingChance": 50,
    "BreedingCooldown": 6000,
    "GrowingAge": -24000,
    "Parent First": "",
    "Parent Second": ""
  },
  "seed_oil": {
    "SpawnRate": 100,
    "IsEnabled": true,
    "WorldCooldown": 4000,
    "StallCooldown": 4000,
    "BreedingChance": 50,
    "BreedingCooldown": 6000,
    "GrowingAge": -24000,
    "Parent First": "",
    "Parent Second": ""
  },
  "ethanol": {
    "SpawnRate": 100,
    "IsEnabled": true,
    "WorldCooldown": 4000,
    "StallCooldown": 4000,
    "BreedingChance": 50,
    "BreedingCooldown": 6000,
    "GrowingAge": -24000,
    "Parent First": "",
    "Parent Second": ""
  },
  "bio.ethanol": {
    "SpawnRate": 100,
    "IsEnabled": true,
    "WorldCooldown": 4000,
    "StallCooldown": 4000,
    "BreedingChance": 50,
    "BreedingCooldown": 6000,
    "GrowingAge": -24000,
    "Parent First": "",
    "Parent Second": ""
  },
  "oil_distilled_heat_1": {
    "SpawnRate": 100,
    "IsEnabled": true,
    "WorldCooldown": 4000,
    "StallCooldown": 4000,
    "BreedingChance": 50,
    "BreedingCooldown": 6000,
    "GrowingAge": -24000,
    "Parent First": "",
    "Parent Second": ""
  },
  "zinc": {
    "SpawnRate": 100,
    "IsEnabled": true,
    "WorldCooldown": 4000,
    "StallCooldown": 4000,
    "BreedingChance": 50,
    "BreedingCooldown": 6000,
    "GrowingAge": -24000,
    "Parent First": "",
    "Parent Second": ""
  },
  "essence": {
    "SpawnRate": 100,
    "IsEnabled": true,
    "WorldCooldown": 4000,
    "StallCooldown": 4000,
    "BreedingChance": 50,
    "BreedingCooldown": 6000,
    "GrowingAge": -24000,
    "Parent First": "",
    "Parent Second": ""
  },
  "potion_lingering": {
    "SpawnRate": 100,
    "IsEnabled": true,
    "WorldCooldown": 4000,
    "StallCooldown": 4000,
    "BreedingChance": 50,
    "BreedingCooldown": 6000,
    "GrowingAge": -24000,
    "Parent First": "",
    "Parent Second": ""
  },
  "ic2hot_water": {
    "SpawnRate": 100,
    "IsEnabled": true,
    "WorldCooldown": 4000,
    "StallCooldown": 4000,
    "BreedingChance": 50,
    "BreedingCooldown": 6000,
    "GrowingAge": -24000,
    "Parent First": "",
    "Parent Second": ""
  },
  "nutrient_distillation": {
    "SpawnRate": 100,
    "IsEnabled": true,
    "WorldCooldown": 4000,
    "StallCooldown": 4000,
    "BreedingChance": 50,
    "BreedingCooldown": 6000,
    "GrowingAge": -24000,
    "Parent First": "",
    "Parent Second": ""
  },
  "ic2steam": {
    "SpawnRate": 100,
    "IsEnabled": true,
    "WorldCooldown": 4000,
    "StallCooldown": 4000,
    "BreedingChance": 50,
    "BreedingCooldown": 6000,
    "GrowingAge": -24000,
    "Parent First": "",
    "Parent Second": ""
  },
  "cloud_seed_concentrated": {
    "SpawnRate": 100,
    "IsEnabled": true,
    "WorldCooldown": 4000,
    "StallCooldown": 4000,
    "BreedingChance": 50,
    "BreedingCooldown": 6000,
    "GrowingAge": -24000,
    "Parent First": "",
    "Parent Second": ""
  },
  "ardite": {
    "SpawnRate": 100,
    "IsEnabled": true,
    "WorldCooldown": 4000,
    "StallCooldown": 4000,
    "BreedingChance": 50,
    "BreedingCooldown": 6000,
    "GrowingAge": -24000,
    "Parent First": "",
    "Parent Second": ""
  },
  "lumium": {
    "SpawnRate": 100,
    "IsEnabled": true,
    "WorldCooldown": 4000,
    "StallCooldown": 4000,
    "BreedingChance": 50,
    "BreedingCooldown": 6000,
    "GrowingAge": -24000,
    "Parent First": "",
    "Parent Second": ""
  },
  "intermedium": {
    "SpawnRate": 100,
    "IsEnabled": true,
    "WorldCooldown": 4000,
    "StallCooldown": 4000,
    "BreedingChance": 50,
    "BreedingCooldown": 6000,
    "GrowingAge": -24000,
    "Parent First": "",
    "Parent Second": ""
  },
  "amber": {
    "SpawnRate": 100,
    "IsEnabled": true,
    "WorldCooldown": 4000,
    "StallCooldown": 4000,
    "BreedingChance": 50,
    "BreedingCooldown": 6000,
    "GrowingAge": -24000,
    "Parent First": "",
    "Parent Second": ""
  },
  "hot_spring_water": {
    "SpawnRate": 100,
    "IsEnabled": true,
    "WorldCooldown": 4000,
    "StallCooldown": 4000,
    "BreedingChance": 50,
    "BreedingCooldown": 6000,
    "GrowingAge": -24000,
    "Parent First": "",
    "Parent Second": ""
  },
  "invar": {
    "SpawnRate": 100,
    "IsEnabled": true,
    "WorldCooldown": 4000,
    "StallCooldown": 4000,
    "BreedingChance": 50,
    "BreedingCooldown": 6000,
    "GrowingAge": -24000,
    "Parent First": "",
    "Parent Second": ""
  },
  "fuel_dense": {
    "SpawnRate": 100,
    "IsEnabled": true,
    "WorldCooldown": 4000,
    "StallCooldown": 4000,
    "BreedingChance": 50,
    "BreedingCooldown": 6000,
    "GrowingAge": -24000,
    "Parent First": "",
    "Parent Second": ""
  },
  "liquid_fertilizer": {
    "SpawnRate": 100,
    "IsEnabled": true,
    "WorldCooldown": 4000,
    "StallCooldown": 4000,
    "BreedingChance": 50,
    "BreedingCooldown": 6000,
    "GrowingAge": -24000,
    "Parent First": "",
    "Parent Second": ""
  },
  "water": {
    "SpawnRate": 100,
    "IsEnabled": true,
    "WorldCooldown": 4000,
    "StallCooldown": 4000,
    "BreedingChance": 50,
    "BreedingCooldown": 6000,
    "GrowingAge": -24000,
    "Parent First": "",
    "Parent Second": ""
  },
  "alewort": {
    "SpawnRate": 100,
    "IsEnabled": true,
    "WorldCooldown": 4000,
    "StallCooldown": 4000,
    "BreedingChance": 50,
    "BreedingCooldown": 6000,
    "GrowingAge": -24000,
    "Parent First": "",
    "Parent Second": ""
  },
  "alubrass": {
    "SpawnRate": 100,
    "IsEnabled": true,
    "WorldCooldown": 4000,
    "StallCooldown": 4000,
    "BreedingChance": 50,
    "BreedingCooldown": 6000,
    "GrowingAge": -24000,
    "Parent First": "",
    "Parent Second": ""
  },
  "blueslime": {
    "SpawnRate": 100,
    "IsEnabled": true,
    "WorldCooldown": 4000,
    "StallCooldown": 4000,
    "BreedingChance": 50,
    "BreedingCooldown": 6000,
    "GrowingAge": -24000,
    "Parent First": "",
    "Parent Second": ""
  },
  "fuel_light": {
    "SpawnRate": 100,
    "IsEnabled": true,
    "WorldCooldown": 4000,
    "StallCooldown": 4000,
    "BreedingChance": 50,
    "BreedingCooldown": 6000,
    "GrowingAge": -24000,
    "Parent First": "",
    "Parent Second": ""
  },
  "fuel_gaseous_heat_2": {
    "SpawnRate": 100,
    "IsEnabled": true,
    "WorldCooldown": 4000,
    "StallCooldown": 4000,
    "BreedingChance": 50,
    "BreedingCooldown": 6000,
    "GrowingAge": -24000,
    "Parent First": "",
    "Parent Second": ""
  },
  "redstone_alloy": {
    "SpawnRate": 100,
    "IsEnabled": true,
    "WorldCooldown": 4000,
    "StallCooldown": 4000,
    "BreedingChance": 50,
    "BreedingCooldown": 6000,
    "GrowingAge": -24000,
    "Parent First": "",
    "Parent Second": ""
  },
  "ic2heavy_water": {
    "SpawnRate": 100,
    "IsEnabled": true,
    "WorldCooldown": 4000,
    "StallCooldown": 4000,
    "BreedingChance": 50,
    "BreedingCooldown": 6000,
    "GrowingAge": -24000,
    "Parent First": "",
    "Parent Second": ""
  },
  "refined_oil": {
    "SpawnRate": 100,
    "IsEnabled": true,
    "WorldCooldown": 4000,
    "StallCooldown": 4000,
    "BreedingChance": 50,
    "BreedingCooldown": 6000,
    "GrowingAge": -24000,
    "Parent First": "",
    "Parent Second": ""
  },
  "electrical_steel": {
    "SpawnRate": 100,
    "IsEnabled": true,
    "WorldCooldown": 4000,
    "StallCooldown": 4000,
    "BreedingChance": 50,
    "BreedingCooldown": 6000,
    "GrowingAge": -24000,
    "Parent First": "",
    "Parent Second": ""
  },
  "glass": {
    "SpawnRate": 100,
    "IsEnabled": true,
    "WorldCooldown": 4000,
    "StallCooldown": 4000,
    "BreedingChance": 50,
    "BreedingCooldown": 6000,
    "GrowingAge": -24000,
    "Parent First": "",
    "Parent Second": ""
  },
  "ic2oxygen": {
    "SpawnRate": 100,
    "IsEnabled": true,
    "WorldCooldown": 4000,
    "StallCooldown": 4000,
    "BreedingChance": 50,
    "BreedingCooldown": 6000,
    "GrowingAge": -24000,
    "Parent First": "",
    "Parent Second": ""
  },
  "if.pink_slime": {
    "SpawnRate": 100,
    "IsEnabled": true,
    "WorldCooldown": 4000,
    "StallCooldown": 4000,
    "BreedingChance": 50,
    "BreedingCooldown": 6000,
    "GrowingAge": -24000,
    "Parent First": "",
    "Parent Second": ""
  },
  "sludge": {
    "SpawnRate": 100,
    "IsEnabled": true,
    "WorldCooldown": 4000,
    "StallCooldown": 4000,
    "BreedingChance": 50,
    "BreedingCooldown": 6000,
    "GrowingAge": -24000,
    "Parent First": "",
    "Parent Second": ""
  },
  "manyullyn": {
    "SpawnRate": 100,
    "IsEnabled": true,
    "WorldCooldown": 4000,
    "StallCooldown": 4000,
    "BreedingChance": 50,
    "BreedingCooldown": 6000,
    "GrowingAge": -24000,
    "Parent First": "",
    "Parent Second": ""
  },
  "liquidlithium": {
    "SpawnRate": 100,
    "IsEnabled": true,
    "WorldCooldown": 4000,
    "StallCooldown": 4000,
    "BreedingChance": 50,
    "BreedingCooldown": 6000,
    "GrowingAge": -24000,
    "Parent First": "",
    "Parent Second": ""
  },
  "steel": {
    "SpawnRate": 100,
    "IsEnabled": true,
    "WorldCooldown": 4000,
    "StallCooldown": 4000,
    "BreedingChance": 50,
    "BreedingCooldown": 6000,
    "GrowingAge": -24000,
    "Parent First": "",
    "Parent Second": ""
  },
  "constantan": {
    "SpawnRate": 100,
    "IsEnabled": true,
    "WorldCooldown": 4000,
    "StallCooldown": 4000,
    "BreedingChance": 50,
    "BreedingCooldown": 6000,
    "GrowingAge": -24000,
    "Parent First": "",
    "Parent Second": ""
  },
  "blood": {
    "SpawnRate": 100,
    "IsEnabled": true,
    "WorldCooldown": 4000,
    "StallCooldown": 4000,
    "BreedingChance": 50,
    "BreedingCooldown": 6000,
    "GrowingAge": -24000,
    "Parent First": "",
    "Parent Second": ""
  },
  "obsidian": {
    "SpawnRate": 100,
    "IsEnabled": true,
    "WorldCooldown": 4000,
    "StallCooldown": 4000,
    "BreedingChance": 50,
    "BreedingCooldown": 6000,
    "GrowingAge": -24000,
    "Parent First": "",
    "Parent Second": ""
  },
  "crystaloil": {
    "SpawnRate": 100,
    "IsEnabled": true,
    "WorldCooldown": 4000,
    "StallCooldown": 4000,
    "BreedingChance": 50,
    "BreedingCooldown": 6000,
    "GrowingAge": -24000,
    "Parent First": "",
    "Parent Second": ""
  },
  "brine": {
    "SpawnRate": 100,
    "IsEnabled": true,
    "WorldCooldown": 4000,
    "StallCooldown": 4000,
    "BreedingChance": 50,
    "BreedingCooldown": 6000,
    "GrowingAge": -24000,
    "Parent First": "",
    "Parent Second": ""
  },
  "if.ore_fluid_raw": {
    "SpawnRate": 100,
    "IsEnabled": true,
    "WorldCooldown": 4000,
    "StallCooldown": 4000,
    "BreedingChance": 50,
    "BreedingCooldown": 6000,
    "GrowingAge": -24000,
    "Parent First": "",
    "Parent Second": ""
  },
  "copper": {
    "SpawnRate": 100,
    "IsEnabled": true,
    "WorldCooldown": 4000,
    "StallCooldown": 4000,
    "BreedingChance": 50,
    "BreedingCooldown": 6000,
    "GrowingAge": -24000,
    "Parent First": "",
    "Parent Second": ""
  },
  "biodiesel": {
    "SpawnRate": 100,
    "IsEnabled": true,
    "WorldCooldown": 4000,
    "StallCooldown": 4000,
    "BreedingChance": 50,
    "BreedingCooldown": 6000,
    "GrowingAge": -24000,
    "Parent First": "",
    "Parent Second": ""
  },
  "liquid_death": {
    "SpawnRate": 100,
    "IsEnabled": true,
    "WorldCooldown": 4000,
    "StallCooldown": 4000,
    "BreedingChance": 50,
    "BreedingCooldown": 6000,
    "GrowingAge": -24000,
    "Parent First": "",
    "Parent Second": ""
  },
  "tree_oil": {
    "SpawnRate": 100,
    "IsEnabled": true,
    "WorldCooldown": 4000,
    "StallCooldown": 4000,
    "BreedingChance": 50,
    "BreedingCooldown": 6000,
    "GrowingAge": -24000,
    "Parent First": "",
    "Parent Second": ""
  },
  "liquid_sunshine": {
    "SpawnRate": 100,
    "IsEnabled": true,
    "WorldCooldown": 4000,
    "StallCooldown": 4000,
    "BreedingChance": 50,
    "BreedingCooldown": 6000,
    "GrowingAge": -24000,
    "Parent First": "",
    "Parent Second": ""
  },
  "potion_splash": {
    "SpawnRate": 100,
    "IsEnabled": true,
    "WorldCooldown": 4000,
    "StallCooldown": 4000,
    "BreedingChance": 50,
    "BreedingCooldown": 6000,
    "GrowingAge": -24000,
    "Parent First": "",
    "Parent Second": ""
  },
  "liquidchorus": {
    "SpawnRate": 100,
    "IsEnabled": true,
    "WorldCooldown": 4000,
    "StallCooldown": 4000,
    "BreedingChance": 50,
    "BreedingCooldown": 6000,
    "GrowingAge": -24000,
    "Parent First": "",
    "Parent Second": ""
  },
  "xu_evil_metal": {
    "SpawnRate": 100,
    "IsEnabled": true,
    "WorldCooldown": 4000,
    "StallCooldown": 4000,
    "BreedingChance": 50,
    "BreedingCooldown": 6000,
    "GrowingAge": -24000,
    "Parent First": "",
    "Parent Second": ""
  },
  "syrup": {
    "SpawnRate": 100,
    "IsEnabled": true,
    "WorldCooldown": 4000,
    "StallCooldown": 4000,
    "BreedingChance": 50,
    "BreedingCooldown": 6000,
    "GrowingAge": -24000,
    "Parent First": "",
    "Parent Second": ""
  },
  "menrilresin": {
    "SpawnRate": 100,
    "IsEnabled": true,
    "WorldCooldown": 4000,
    "StallCooldown": 4000,
    "BreedingChance": 50,
    "BreedingCooldown": 6000,
    "GrowingAge": -24000,
    "Parent First": "",
    "Parent Second": ""
  },
  "crude_oil": {
    "SpawnRate": 100,
    "IsEnabled": true,
    "WorldCooldown": 4000,
    "StallCooldown": 4000,
    "BreedingChance": 50,
    "BreedingCooldown": 6000,
    "GrowingAge": -24000,
    "Parent First": "",
    "Parent Second": ""
  },
  "if.protein": {
    "SpawnRate": 100,
    "IsEnabled": true,
    "WorldCooldown": 4000,
    "StallCooldown": 4000,
    "BreedingChance": 50,
    "BreedingCooldown": 6000,
    "GrowingAge": -24000,
    "Parent First": "",
    "Parent Second": ""
  },
  "vapor_of_levity": {
    "SpawnRate": 100,
    "IsEnabled": true,
    "WorldCooldown": 4000,
    "StallCooldown": 4000,
    "BreedingChance": 50,
    "BreedingCooldown": 6000,
    "GrowingAge": -24000,
    "Parent First": "",
    "Parent Second": ""
  },
  "nickel": {
    "SpawnRate": 100,
    "IsEnabled": true,
    "WorldCooldown": 4000,
    "StallCooldown": 4000,
    "BreedingChance": 50,
    "BreedingCooldown": 6000,
    "GrowingAge": -24000,
    "Parent First": "",
    "Parent Second": ""
  },
  "oil_dense_heat_2": {
    "SpawnRate": 100,
    "IsEnabled": true,
    "WorldCooldown": 4000,
    "StallCooldown": 4000,
    "BreedingChance": 50,
    "BreedingCooldown": 6000,
    "GrowingAge": -24000,
    "Parent First": "",
    "Parent Second": ""
  },
  "fuel_dense_heat_1": {
    "SpawnRate": 100,
    "IsEnabled": true,
    "WorldCooldown": 4000,
    "StallCooldown": 4000,
    "BreedingChance": 50,
    "BreedingCooldown": 6000,
    "GrowingAge": -24000,
    "Parent First": "",
    "Parent Second": ""
  },
  "inferium": {
    "SpawnRate": 100,
    "IsEnabled": true,
    "WorldCooldown": 4000,
    "StallCooldown": 4000,
    "BreedingChance": 50,
    "BreedingCooldown": 6000,
    "GrowingAge": -24000,
    "Parent First": "",
    "Parent Second": ""
  },
  "fuel_mixed_heavy_heat_2": {
    "SpawnRate": 100,
    "IsEnabled": true,
    "WorldCooldown": 4000,
    "StallCooldown": 4000,
    "BreedingChance": 50,
    "BreedingCooldown": 6000,
    "GrowingAge": -24000,
    "Parent First": "",
    "Parent Second": ""
  },
  "fuel_mixed_heavy_heat_1": {
    "SpawnRate": 100,
    "IsEnabled": true,
    "WorldCooldown": 4000,
    "StallCooldown": 4000,
    "BreedingChance": 50,
    "BreedingCooldown": 6000,
    "GrowingAge": -24000,
    "Parent First": "",
    "Parent Second": ""
  },
  "ic2weed_ex": {
    "SpawnRate": 100,
    "IsEnabled": true,
    "WorldCooldown": 4000,
    "StallCooldown": 4000,
    "BreedingChance": 50,
    "BreedingCooldown": 6000,
    "GrowingAge": -24000,
    "Parent First": "",
    "Parent Second": ""
  },
  "oil_distilled_heat_2": {
    "SpawnRate": 100,
    "IsEnabled": true,
    "WorldCooldown": 4000,
    "StallCooldown": 4000,
    "BreedingChance": 50,
    "BreedingCooldown": 6000,
    "GrowingAge": -24000,
    "Parent First": "",
    "Parent Second": ""
  },
  "cryotheum": {
    "SpawnRate": 100,
    "IsEnabled": true,
    "WorldCooldown": 4000,
    "StallCooldown": 4000,
    "BreedingChance": 50,
    "BreedingCooldown": 6000,
    "GrowingAge": -24000,
    "Parent First": "",
    "Parent Second": ""
  },
  "fire_water": {
    "SpawnRate": 100,
    "IsEnabled": true,
    "WorldCooldown": 4000,
    "StallCooldown": 4000,
    "BreedingChance": 50,
    "BreedingCooldown": 6000,
    "GrowingAge": -24000,
    "Parent First": "",
    "Parent Second": ""
  },
  "fuel_light_heat_2": {
    "SpawnRate": 100,
    "IsEnabled": true,
    "WorldCooldown": 4000,
    "StallCooldown": 4000,
    "BreedingChance": 50,
    "BreedingCooldown": 6000,
    "GrowingAge": -24000,
    "Parent First": "",
    "Parent Second": ""
  },
  "ic2construction_foam": {
    "SpawnRate": 100,
    "IsEnabled": true,
    "WorldCooldown": 4000,
    "StallCooldown": 4000,
    "BreedingChance": 50,
    "BreedingCooldown": 6000,
    "GrowingAge": -24000,
    "Parent First": "",
    "Parent Second": ""
  },
  "knightslime": {
    "SpawnRate": 100,
    "IsEnabled": true,
    "WorldCooldown": 4000,
    "StallCooldown": 4000,
    "BreedingChance": 50,
    "BreedingCooldown": 6000,
    "GrowingAge": -24000,
    "Parent First": "",
    "Parent Second": ""
  },
  "superium": {
    "SpawnRate": 100,
    "IsEnabled": true,
    "WorldCooldown": 4000,
    "StallCooldown": 4000,
    "BreedingChance": 50,
    "BreedingCooldown": 6000,
    "GrowingAge": -24000,
    "Parent First": "",
    "Parent Second": ""
  },
  "oil_heavy_heat_2": {
    "SpawnRate": 100,
    "IsEnabled": true,
    "WorldCooldown": 4000,
    "StallCooldown": 4000,
    "BreedingChance": 50,
    "BreedingCooldown": 6000,
    "GrowingAge": -24000,
    "Parent First": "",
    "Parent Second": ""
  },
  "clay": {
    "SpawnRate": 100,
    "IsEnabled": true,
    "WorldCooldown": 4000,
    "StallCooldown": 4000,
    "BreedingChance": 50,
    "BreedingCooldown": 6000,
    "GrowingAge": -24000,
    "Parent First": "",
    "Parent Second": ""
  },
  "sand": {
    "SpawnRate": 100,
    "IsEnabled": true,
    "WorldCooldown": 4000,
    "StallCooldown": 4000,
    "BreedingChance": 50,
    "BreedingCooldown": 6000,
    "GrowingAge": -24000,
    "Parent First": "",
    "Parent Second": ""
  },
  "purifying_fluid": {
    "SpawnRate": 100,
    "IsEnabled": true,
    "WorldCooldown": 4000,
    "StallCooldown": 4000,
    "BreedingChance": 50,
    "BreedingCooldown": 6000,
    "GrowingAge": -24000,
    "Parent First": "",
    "Parent Second": ""
  },
  "cobalt": {
    "SpawnRate": 100,
    "IsEnabled": true,
    "WorldCooldown": 4000,
    "StallCooldown": 4000,
    "BreedingChance": 50,
    "BreedingCooldown": 6000,
    "GrowingAge": -24000,
    "Parent First": "",
    "Parent Second": ""
  },
  "xu_enchanted_metal": {
    "SpawnRate": 100,
    "IsEnabled": true,
    "WorldCooldown": 4000,
    "StallCooldown": 4000,
    "BreedingChance": 50,
    "BreedingCooldown": 6000,
    "GrowingAge": -24000,
    "Parent First": "",
    "Parent Second": ""
  },
  "pigiron": {
    "SpawnRate": 100,
    "IsEnabled": true,
    "WorldCooldown": 4000,
    "StallCooldown": 4000,
    "BreedingChance": 50,
    "BreedingCooldown": 6000,
    "GrowingAge": -24000,
    "Parent First": "",
    "Parent Second": ""
  },
  "ender_distillation": {
    "SpawnRate": 100,
    "IsEnabled": true,
    "WorldCooldown": 4000,
    "StallCooldown": 4000,
    "BreedingChance": 50,
    "BreedingCooldown": 6000,
    "GrowingAge": -24000,
    "Parent First": "",
    "Parent Second": ""
  },
  "mushroom_stew": {
    "SpawnRate": 100,
    "IsEnabled": true,
    "WorldCooldown": 4000,
    "StallCooldown": 4000,
    "BreedingChance": 50,
    "BreedingCooldown": 6000,
    "GrowingAge": -24000,
    "Parent First": "",
    "Parent Second": ""
  },
  "honey": {
    "SpawnRate": 100,
    "IsEnabled": true,
    "WorldCooldown": 4000,
    "StallCooldown": 4000,
    "BreedingChance": 50,
    "BreedingCooldown": 6000,
    "GrowingAge": -24000,
    "Parent First": "",
    "Parent Second": ""
  },
  "oil_dense": {
    "SpawnRate": 100,
    "IsEnabled": true,
    "WorldCooldown": 4000,
    "StallCooldown": 4000,
    "BreedingChance": 50,
    "BreedingCooldown": 6000,
    "GrowingAge": -24000,
    "Parent First": "",
    "Parent Second": ""
  },
  "for.honey": {
    "SpawnRate": 100,
    "IsEnabled": true,
    "WorldCooldown": 4000,
    "StallCooldown": 4000,
    "BreedingChance": 50,
    "BreedingCooldown": 6000,
    "GrowingAge": -24000,
    "Parent First": "",
    "Parent Second": ""
  },
  "stone": {
    "SpawnRate": 100,
    "IsEnabled": true,
    "WorldCooldown": 4000,
    "StallCooldown": 4000,
    "BreedingChance": 50,
    "BreedingCooldown": 6000,
    "GrowingAge": -24000,
    "Parent First": "",
    "Parent Second": ""
  },
  "applejuice": {
    "SpawnRate": 100,
    "IsEnabled": true,
    "WorldCooldown": 4000,
    "StallCooldown": 4000,
    "BreedingChance": 50,
    "BreedingCooldown": 6000,
    "GrowingAge": -24000,
    "Parent First": "",
    "Parent Second": ""
  },
  "ic2superheated_steam": {
    "SpawnRate": 100,
    "IsEnabled": true,
    "WorldCooldown": 4000,
    "StallCooldown": 4000,
    "BreedingChance": 50,
    "BreedingCooldown": 6000,
    "GrowingAge": -24000,
    "Parent First": "",
    "Parent Second": ""
  },
  "oil_distilled": {
    "SpawnRate": 100,
    "IsEnabled": true,
    "WorldCooldown": 4000,
    "StallCooldown": 4000,
    "BreedingChance": 50,
    "BreedingCooldown": 6000,
    "GrowingAge": -24000,
    "Parent First": "",
    "Parent Second": ""
  },
  "fuel_light_heat_1": {
    "SpawnRate": 100,
    "IsEnabled": true,
    "WorldCooldown": 4000,
    "StallCooldown": 4000,
    "BreedingChance": 50,
    "BreedingCooldown": 6000,
    "GrowingAge": -24000,
    "Parent First": "",
    "Parent Second": ""
  },
  "oil_residue_heat_2": {
    "SpawnRate": 100,
    "IsEnabled": true,
    "WorldCooldown": 4000,
    "StallCooldown": 4000,
    "BreedingChance": 50,
    "BreedingCooldown": 6000,
    "GrowingAge": -24000,
    "Parent First": "",
    "Parent Second": ""
  },
  "coal": {
    "SpawnRate": 100,
    "IsEnabled": true,
    "WorldCooldown": 4000,
    "StallCooldown": 4000,
    "BreedingChance": 50,
    "BreedingCooldown": 6000,
    "GrowingAge": -24000,
    "Parent First": "",
    "Parent Second": ""
  },
  "oil_dense_heat_1": {
    "SpawnRate": 100,
    "IsEnabled": true,
    "WorldCooldown": 4000,
    "StallCooldown": 4000,
    "BreedingChance": 50,
    "BreedingCooldown": 6000,
    "GrowingAge": -24000,
    "Parent First": "",
    "Parent Second": ""
  },
  "poison": {
    "SpawnRate": 100,
    "IsEnabled": true,
    "WorldCooldown": 4000,
    "StallCooldown": 4000,
    "BreedingChance": 50,
    "BreedingCooldown": 6000,
    "GrowingAge": -24000,
    "Parent First": "",
    "Parent Second": ""
  },
  "ironberryjuice": {
    "SpawnRate": 100,
    "IsEnabled": true,
    "WorldCooldown": 4000,
    "StallCooldown": 4000,
    "BreedingChance": 50,
    "BreedingCooldown": 6000,
    "GrowingAge": -24000,
    "Parent First": "",
    "Parent Second": ""
  },
  "sap": {
    "SpawnRate": 100,
    "IsEnabled": true,
    "WorldCooldown": 4000,
    "StallCooldown": 4000,
    "BreedingChance": 50,
    "BreedingCooldown": 6000,
    "GrowingAge": -24000,
    "Parent First": "",
    "Parent Second": ""
  },
  "ic2distilled_water": {
    "SpawnRate": 100,
    "IsEnabled": true,
    "WorldCooldown": 4000,
    "StallCooldown": 4000,
    "BreedingChance": 50,
    "BreedingCooldown": 6000,
    "GrowingAge": -24000,
    "Parent First": "",
    "Parent Second": ""
  },
  "mana": {
    "SpawnRate": 100,
    "IsEnabled": true,
    "WorldCooldown": 4000,
    "StallCooldown": 4000,
    "BreedingChance": 50,
    "BreedingCooldown": 6000,
    "GrowingAge": -24000,
    "Parent First": "",
    "Parent Second": ""
  },
  "cloud_seed": {
    "SpawnRate": 100,
    "IsEnabled": true,
    "WorldCooldown": 4000,
    "StallCooldown": 4000,
    "BreedingChance": 50,
    "BreedingCooldown": 6000,
    "GrowingAge": -24000,
    "Parent First": "",
    "Parent Second": ""
  },
  "refined_fuel": {
    "SpawnRate": 100,
    "IsEnabled": true,
    "WorldCooldown": 4000,
    "StallCooldown": 4000,
    "BreedingChance": 50,
    "BreedingCooldown": 6000,
    "GrowingAge": -24000,
    "Parent First": "",
    "Parent Second": ""
  },
  "purpleslime": {
    "SpawnRate": 100,
    "IsEnabled": true,
    "WorldCooldown": 4000,
    "StallCooldown": 4000,
    "BreedingChance": 50,
    "BreedingCooldown": 6000,
    "GrowingAge": -24000,
    "Parent First": "",
    "Parent Second": ""
  },
  "biocrude": {
    "SpawnRate": 100,
    "IsEnabled": true,
    "WorldCooldown": 4000,
    "StallCooldown": 4000,
    "BreedingChance": 50,
    "BreedingCooldown": 6000,
    "GrowingAge": -24000,
    "Parent First": "",
    "Parent Second": ""
  },
  "ender": {
    "SpawnRate": 100,
    "IsEnabled": true,
    "WorldCooldown": 4000,
    "StallCooldown": 4000,
    "BreedingChance": 50,
    "BreedingCooldown": 6000,
    "GrowingAge": -24000,
    "Parent First": "",
    "Parent Second": ""
  },
  "ic2creosote": {
    "SpawnRate": 100,
    "IsEnabled": true,
    "WorldCooldown": 4000,
    "StallCooldown": 4000,
    "BreedingChance": 50,
    "BreedingCooldown": 6000,
    "GrowingAge": -24000,
    "Parent First": "",
    "Parent Second": ""
  },
  "gold": {
    "SpawnRate": 100,
    "IsEnabled": true,
    "WorldCooldown": 4000,
    "StallCooldown": 4000,
    "BreedingChance": 50,
    "BreedingCooldown": 6000,
    "GrowingAge": -24000,
    "Parent First": "",
    "Parent Second": ""
  },
  "glowstone": {
    "SpawnRate": 100,
    "IsEnabled": true,
    "WorldCooldown": 4000,
    "StallCooldown": 4000,
    "BreedingChance": 50,
    "BreedingCooldown": 6000,
    "GrowingAge": -24000,
    "Parent First": "",
    "Parent Second": ""
  },
  "pulsating_iron": {
    "SpawnRate": 100,
    "IsEnabled": true,
    "WorldCooldown": 4000,
    "StallCooldown": 4000,
    "BreedingChance": 50,
    "BreedingCooldown": 6000,
    "GrowingAge": -24000,
    "Parent First": "",
    "Parent Second": ""
  },
  "concrete": {
    "SpawnRate": 100,
    "IsEnabled": true,
    "WorldCooldown": 4000,
    "StallCooldown": 4000,
    "BreedingChance": 50,
    "BreedingCooldown": 6000,
    "GrowingAge": -24000,
    "Parent First": "",
    "Parent Second": ""
  },
  "rocket_fuel": {
    "SpawnRate": 100,
    "IsEnabled": true,
    "WorldCooldown": 4000,
    "StallCooldown": 4000,
    "BreedingChance": 50,
    "BreedingCooldown": 6000,
    "GrowingAge": -24000,
    "Parent First": "",
    "Parent Second": ""
  },
  "ic2hydrogen": {
    "SpawnRate": 100,
    "IsEnabled": true,
    "WorldCooldown": 4000,
    "StallCooldown": 4000,
    "BreedingChance": 50,
    "BreedingCooldown": 6000,
    "GrowingAge": -24000,
    "Parent First": "",
    "Parent Second": ""
  },
  "xu_demonic_metal": {
    "SpawnRate": 100,
    "IsEnabled": true,
    "WorldCooldown": 4000,
    "StallCooldown": 4000,
    "BreedingChance": 50,
    "BreedingCooldown": 6000,
    "GrowingAge": -24000,
    "Parent First": "",
    "Parent Second": ""
  },
  "biomass": {
    "SpawnRate": 100,
    "IsEnabled": true,
    "WorldCooldown": 4000,
    "StallCooldown": 4000,
    "BreedingChance": 50,
    "BreedingCooldown": 6000,
    "GrowingAge": -24000,
    "Parent First": "",
    "Parent Second": ""
  },
  "ic2hot_coolant": {
    "SpawnRate": 100,
    "IsEnabled": true,
    "WorldCooldown": 4000,
    "StallCooldown": 4000,
    "BreedingChance": 50,
    "BreedingCooldown": 6000,
    "GrowingAge": -24000,
    "Parent First": "",
    "Parent Second": ""
  },
  "meat": {
    "SpawnRate": 100,
    "IsEnabled": true,
    "WorldCooldown": 4000,
    "StallCooldown": 4000,
    "BreedingChance": 50,
    "BreedingCooldown": 6000,
    "GrowingAge": -24000,
    "Parent First": "",
    "Parent Second": ""
  },
  "biofuel": {
    "SpawnRate": 100,
    "IsEnabled": true,
    "WorldCooldown": 4000,
    "StallCooldown": 4000,
    "BreedingChance": 50,
    "BreedingCooldown": 6000,
    "GrowingAge": -24000,
    "Parent First": "",
    "Parent Second": ""
  },
  "tin": {
    "SpawnRate": 100,
    "IsEnabled": true,
    "WorldCooldown": 4000,
    "StallCooldown": 4000,
    "BreedingChance": 50,
    "BreedingCooldown": 6000,
    "GrowingAge": -24000,
    "Parent First": "",
    "Parent Second": ""
  },
  "fuel_mixed_light_heat_1": {
    "SpawnRate": 100,
    "IsEnabled": true,
    "WorldCooldown": 4000,
    "StallCooldown": 4000,
    "BreedingChance": 50,
    "BreedingCooldown": 6000,
    "GrowingAge": -24000,
    "Parent First": "",
    "Parent Second": ""
  },
  "signalum": {
    "SpawnRate": 100,
    "IsEnabled": true,
    "WorldCooldown": 4000,
    "StallCooldown": 4000,
    "BreedingChance": 50,
    "BreedingCooldown": 6000,
    "GrowingAge": -24000,
    "Parent First": "",
    "Parent Second": ""
  },
  "construction_alloy": {
    "SpawnRate": 100,
    "IsEnabled": true,
    "WorldCooldown": 4000,
    "StallCooldown": 4000,
    "BreedingChance": 50,
    "BreedingCooldown": 6000,
    "GrowingAge": -24000,
    "Parent First": "",
    "Parent Second": ""
  },
  "experience": {
    "SpawnRate": 100,
    "IsEnabled": true,
    "WorldCooldown": 4000,
    "StallCooldown": 4000,
    "BreedingChance": 50,
    "BreedingCooldown": 6000,
    "GrowingAge": -24000,
    "Parent First": "",
    "Parent Second": ""
  },
  "redstone": {
    "SpawnRate": 100,
    "IsEnabled": true,
    "WorldCooldown": 4000,
    "StallCooldown": 4000,
    "BreedingChance": 50,
    "BreedingCooldown": 6000,
    "GrowingAge": -24000,
    "Parent First": "",
    "Parent Second": ""
  },
  "mud": {
    "SpawnRate": 100,
    "IsEnabled": true,
    "WorldCooldown": 4000,
    "StallCooldown": 4000,
    "BreedingChance": 50,
    "BreedingCooldown": 6000,
    "GrowingAge": -24000,
    "Parent First": "",
    "Parent Second": ""
  },
  "seed.oil": {
    "SpawnRate": 100,
    "IsEnabled": true,
    "WorldCooldown": 4000,
    "StallCooldown": 4000,
    "BreedingChance": 50,
    "BreedingCooldown": 6000,
    "GrowingAge": -24000,
    "Parent First": "",
    "Parent Second": ""
  },
  "silver": {
    "SpawnRate": 100,
    "IsEnabled": true,
    "WorldCooldown": 4000,
    "StallCooldown": 4000,
    "BreedingChance": 50,
    "BreedingCooldown": 6000,
    "GrowingAge": -24000,
    "Parent First": "",
    "Parent Second": ""
  },
  "ic2pahoehoe_lava": {
    "SpawnRate": 100,
    "IsEnabled": true,
    "WorldCooldown": 4000,
    "StallCooldown": 4000,
    "BreedingChance": 50,
    "BreedingCooldown": 6000,
    "GrowingAge": -24000,
    "Parent First": "",
    "Parent Second": ""
  },
  "pyrotheum": {
    "SpawnRate": 100,
    "IsEnabled": true,
    "WorldCooldown": 4000,
    "StallCooldown": 4000,
    "BreedingChance": 50,
    "BreedingCooldown": 6000,
    "GrowingAge": -24000,
    "Parent First": "",
    "Parent Second": ""
  },
  "iron": {
    "SpawnRate": 100,
    "IsEnabled": true,
    "WorldCooldown": 4000,
    "StallCooldown": 4000,
    "BreedingChance": 50,
    "BreedingCooldown": 6000,
    "GrowingAge": -24000,
    "Parent First": "",
    "Parent Second": ""
  },
  "dark_steel": {
    "SpawnRate": 100,
    "IsEnabled": true,
    "WorldCooldown": 4000,
    "StallCooldown": 4000,
    "BreedingChance": 50,
    "BreedingCooldown": 6000,
    "GrowingAge": -24000,
    "Parent First": "",
    "Parent Second": ""
  },
  "grapejuice": {
    "SpawnRate": 100,
    "IsEnabled": true,
    "WorldCooldown": 4000,
    "StallCooldown": 4000,
    "BreedingChance": 50,
    "BreedingCooldown": 6000,
    "GrowingAge": -24000,
    "Parent First": "",
    "Parent Second": ""
  },
  "creosote": {
    "SpawnRate": 100,
    "IsEnabled": true,
    "WorldCooldown": 4000,
    "StallCooldown": 4000,
    "BreedingChance": 50,
    "BreedingCooldown": 6000,
    "GrowingAge": -24000,
    "Parent First": "",
    "Parent Second": ""
  },
  "conductive_iron": {
    "SpawnRate": 100,
    "IsEnabled": true,
    "WorldCooldown": 4000,
    "StallCooldown": 4000,
    "BreedingChance": 50,
    "BreedingCooldown": 6000,
    "GrowingAge": -24000,
    "Parent First": "",
    "Parent Second": ""
  },
  "plantoil": {
    "SpawnRate": 100,
    "IsEnabled": true,
    "WorldCooldown": 4000,
    "StallCooldown": 4000,
    "BreedingChance": 50,
    "BreedingCooldown": 6000,
    "GrowingAge": -24000,
    "Parent First": "",
    "Parent Second": ""
  },
  "oil": {
    "SpawnRate": 100,
    "IsEnabled": true,
    "WorldCooldown": 4000,
    "StallCooldown": 4000,
    "BreedingChance": 50,
    "BreedingCooldown": 6000,
    "GrowingAge": -24000,
    "Parent First": "",
    "Parent Second": ""
  },
  "oil_heat_2": {
    "SpawnRate": 100,
    "IsEnabled": true,
    "WorldCooldown": 4000,
    "StallCooldown": 4000,
    "BreedingChance": 50,
    "BreedingCooldown": 6000,
    "GrowingAge": -24000,
    "Parent First": "",
    "Parent Second": ""
  },
  "milk": {
    "SpawnRate": 100,
    "IsEnabled": true,
    "WorldCooldown": 4000,
    "StallCooldown": 4000,
    "BreedingChance": 50,
    "BreedingCooldown": 6000,
    "GrowingAge": -24000,
    "Parent First": "",
    "Parent Second": ""
  },
  "ic2coolant": {
    "SpawnRate": 100,
    "IsEnabled": true,
    "WorldCooldown": 4000,
    "StallCooldown": 4000,
    "BreedingChance": 50,
    "BreedingCooldown": 6000,
    "GrowingAge": -24000,
    "Parent First": "",
    "Parent Second": ""
  },
  "short.mead": {
    "SpawnRate": 100,
    "IsEnabled": true,
    "WorldCooldown": 4000,
    "StallCooldown": 4000,
    "BreedingChance": 50,
    "BreedingCooldown": 6000,
    "GrowingAge": -24000,
    "Parent First": "",
    "Parent Second": ""
  },
  "resin": {
    "SpawnRate": 100,
    "IsEnabled": true,
    "WorldCooldown": 4000,
    "StallCooldown": 4000,
    "BreedingChance": 50,
    "BreedingCooldown": 6000,
    "GrowingAge": -24000,
    "Parent First": "",
    "Parent Second": ""
  },
  "lava": {
    "SpawnRate": 100,
    "IsEnabled": true,
    "WorldCooldown": 4000,
    "StallCooldown": 4000,
    "BreedingChance": 50,
    "BreedingCooldown": 6000,
    "GrowingAge": -24000,
    "Parent First": "",
    "Parent Second": ""
  },
  "fuel_gaseous_heat_1": {
    "SpawnRate": 100,
    "IsEnabled": true,
    "WorldCooldown": 4000,
    "StallCooldown": 4000,
    "BreedingChance": 50,
    "BreedingCooldown": 6000,
    "GrowingAge": -24000,
    "Parent First": "",
    "Parent Second": ""
  },
  "sewage": {
    "SpawnRate": 100,
    "IsEnabled": true,
    "WorldCooldown": 4000,
    "StallCooldown": 4000,
    "BreedingChance": 50,
    "BreedingCooldown": 6000,
    "GrowingAge": -24000,
    "Parent First": "",
    "Parent Second": ""
  },
  "aluminum": {
    "SpawnRate": 100,
    "IsEnabled": true,
    "WorldCooldown": 4000,
    "StallCooldown": 4000,
    "BreedingChance": 50,
    "BreedingCooldown": 6000,
    "GrowingAge": -24000,
    "Parent First": "",
    "Parent Second": ""
  },
  "prudentium": {
    "SpawnRate": 100,
    "IsEnabled": true,
    "WorldCooldown": 4000,
    "StallCooldown": 4000,
    "BreedingChance": 50,
    "BreedingCooldown": 6000,
    "GrowingAge": -24000,
    "Parent First": "",
    "Parent Second": ""
  },
  "steam": {
    "SpawnRate": 100,
    "IsEnabled": true,
    "WorldCooldown": 4000,
    "StallCooldown": 4000,
    "BreedingChance": 50,
    "BreedingCooldown": 6000,
    "GrowingAge": -24000,
    "Parent First": "",
    "Parent Second": ""
  },
  "soularium": {
    "SpawnRate": 100,
    "IsEnabled": true,
    "WorldCooldown": 4000,
    "StallCooldown": 4000,
    "BreedingChance": 50,
    "BreedingCooldown": 6000,
    "GrowingAge": -24000,
    "Parent First": "",
    "Parent Second": ""
  },
  "juice": {
    "SpawnRate": 100,
    "IsEnabled": true,
    "WorldCooldown": 4000,
    "StallCooldown": 4000,
    "BreedingChance": 50,
    "BreedingCooldown": 6000,
    "GrowingAge": -24000,
    "Parent First": "",
    "Parent Second": ""
  },
  "ic2uu_matter": {
    "SpawnRate": 100,
    "IsEnabled": true,
    "WorldCooldown": 4000,
    "StallCooldown": 4000,
    "BreedingChance": 50,
    "BreedingCooldown": 6000,
    "GrowingAge": -24000,
    "Parent First": "",
    "Parent Second": ""
  },
  "fuel_mixed_light": {
    "SpawnRate": 100,
    "IsEnabled": true,
    "WorldCooldown": 4000,
    "StallCooldown": 4000,
    "BreedingChance": 50,
    "BreedingCooldown": 6000,
    "GrowingAge": -24000,
    "Parent First": "",
    "Parent Second": ""
  },
  "potion": {
    "SpawnRate": 100,
    "IsEnabled": true,
    "WorldCooldown": 4000,
    "StallCooldown": 4000,
    "BreedingChance": 50,
    "BreedingCooldown": 6000,
    "GrowingAge": -24000,
    "Parent First": "",
    "Parent Second": ""
  },
  "oil_residue": {
    "SpawnRate": 100,
    "IsEnabled": true,
    "WorldCooldown": 4000,
    "StallCooldown": 4000,
    "BreedingChance": 50,
    "BreedingCooldown": 6000,
    "GrowingAge": -24000,
    "Parent First": "",
    "Parent Second": ""
  },
  "xpjuice": {
    "SpawnRate": 100,
    "IsEnabled": true,
    "WorldCooldown": 4000,
    "StallCooldown": 4000,
    "BreedingChance": 50,
    "BreedingCooldown": 6000,
    "GrowingAge": -24000,
    "Parent First": "",
    "Parent Second": ""
  },
  "testeausale2": {
    "SpawnRate": 100,
    "IsEnabled": true,
    "WorldCooldown": 4000,
    "StallCooldown": 4000,
    "BreedingChance": 50,
    "BreedingCooldown": 6000,
    "GrowingAge": -24000,
    "Parent First": "",
    "Parent Second": ""
  },
  "slop": {
    "SpawnRate": 100,
    "IsEnabled": true,
    "WorldCooldown": 4000,
    "StallCooldown": 4000,
    "BreedingChance": 50,
    "BreedingCooldown": 6000,
    "GrowingAge": -24000,
    "Parent First": "",
    "Parent Second": ""
  },
  "testeausale": {
    "SpawnRate": 100,
    "IsEnabled": true,
    "WorldCooldown": 4000,
    "StallCooldown": 4000,
    "BreedingChance": 50,
    "BreedingCooldown": 6000,
    "GrowingAge": -24000,
    "Parent First": "",
    "Parent Second": ""
  },
  "rabbit_stew": {
    "SpawnRate": 100,
    "IsEnabled": true,
    "WorldCooldown": 4000,
    "StallCooldown": 4000,
    "BreedingChance": 50,
    "BreedingCooldown": 6000,
    "GrowingAge": -24000,
    "Parent First": "",
    "Parent Second": ""
  },
  "fiery_essence": {
    "SpawnRate": 100,
    "IsEnabled": true,
    "WorldCooldown": 4000,
    "StallCooldown": 4000,
    "BreedingChance": 50,
    "BreedingCooldown": 6000,
    "GrowingAge": -24000,
    "Parent First": "",
    "Parent Second": ""
  },
  "anti_venom": {
    "SpawnRate": 100,
    "IsEnabled": true,
    "WorldCooldown": 4000,
    "StallCooldown": 4000,
    "BreedingChance": 50,
    "BreedingCooldown": 6000,
    "GrowingAge": -24000,
    "Parent First": "",
    "Parent Second": ""
  },
  "formic_acid": {
    "SpawnRate": 100,
    "IsEnabled": true,
    "WorldCooldown": 4000,
    "StallCooldown": 4000,
    "BreedingChance": 50,
    "BreedingCooldown": 6000,
    "GrowingAge": -24000,
    "Parent First": "",
    "Parent Second": ""
  },
  "stagnant_water": {
    "SpawnRate": 100,
    "IsEnabled": true,
    "WorldCooldown": 4000,
    "StallCooldown": 4000,
    "BreedingChance": 50,
    "BreedingCooldown": 6000,
    "GrowingAge": -24000,
    "Parent First": "",
    "Parent Second": ""
  },
  "knightmetal": {
    "SpawnRate": 100,
    "IsEnabled": true,
    "WorldCooldown": 4000,
    "StallCooldown": 4000,
    "BreedingChance": 50,
    "BreedingCooldown": 6000,
    "GrowingAge": -24000,
    "Parent First": "",
    "Parent Second": ""
  },
  "swamp_water": {
    "SpawnRate": 100,
    "IsEnabled": true,
    "WorldCooldown": 4000,
    "StallCooldown": 4000,
    "BreedingChance": 50,
    "BreedingCooldown": 6000,
    "GrowingAge": -24000,
    "Parent First": "",
    "Parent Second": ""
  },
  "beetroot_soup": {
    "SpawnRate": 100,
    "IsEnabled": true,
    "WorldCooldown": 4000,
    "StallCooldown": 4000,
    "BreedingChance": 50,
    "BreedingCooldown": 6000,
    "GrowingAge": -24000,
    "Parent First": "",
    "Parent Second": ""
  },
  "tar": {
    "SpawnRate": 100,
    "IsEnabled": true,
    "WorldCooldown": 4000,
    "StallCooldown": 4000,
    "BreedingChance": 50,
    "BreedingCooldown": 6000,
    "GrowingAge": -24000,
    "Parent First": "",
    "Parent Second": ""
  },
  "beetle_juice": {
    "SpawnRate": 100,
    "IsEnabled": true,
    "WorldCooldown": 4000,
    "StallCooldown": 4000,
    "BreedingChance": 50,
    "BreedingCooldown": 6000,
    "GrowingAge": -24000,
    "Parent First": "",
    "Parent Second": ""
  },
  "fierymetal": {
    "SpawnRate": 100,
    "IsEnabled": true,
    "WorldCooldown": 4000,
    "StallCooldown": 4000,
    "BreedingChance": 50,
    "BreedingCooldown": 6000,
    "GrowingAge": -24000,
    "Parent First": "",
    "Parent Second": ""
  },
  "rubber": {
    "SpawnRate": 100,
    "IsEnabled": true,
    "WorldCooldown": 4000,
    "StallCooldown": 4000,
    "BreedingChance": 50,
    "BreedingCooldown": 6000,
    "GrowingAge": -24000,
    "Parent First": "",
    "Parent Second": ""
  },
  "potato_soup": {
    "SpawnRate": 100,
    "IsEnabled": true,
    "WorldCooldown": 4000,
    "StallCooldown": 4000,
    "BreedingChance": 50,
    "BreedingCooldown": 6000,
    "GrowingAge": -24000,
    "Parent First": "",
    "Parent Second": ""
  },
  "dragonsteel_ice": {
    "SpawnRate": 100,
    "IsEnabled": true,
    "WorldCooldown": 4000,
    "StallCooldown": 4000,
    "BreedingChance": 50,
    "BreedingCooldown": 6000,
    "GrowingAge": -24000,
    "Parent First": "",
    "Parent Second": ""
  },
  "dragonsteel_fire": {
    "SpawnRate": 100,
    "IsEnabled": true,
    "WorldCooldown": 4000,
    "StallCooldown": 4000,
    "BreedingChance": 50,
    "BreedingCooldown": 6000,
    "GrowingAge": -24000,
    "Parent First": "",
    "Parent Second": ""
  },
  "milk_sheep": {
    "SpawnRate": 100,
    "IsEnabled": true,
    "WorldCooldown": 4000,
    "StallCooldown": 4000,
    "BreedingChance": 50,
    "BreedingCooldown": 6000,
    "GrowingAge": -24000,
    "Parent First": "",
    "Parent Second": ""
  },
  "milk_jersey": {
    "SpawnRate": 100,
    "IsEnabled": true,
    "WorldCooldown": 4000,
    "StallCooldown": 4000,
    "BreedingChance": 50,
    "BreedingCooldown": 6000,
    "GrowingAge": -24000,
    "Parent First": "",
    "Parent Second": ""
  },
  "milk_friesian": {
    "SpawnRate": 100,
    "IsEnabled": true,
    "WorldCooldown": 4000,
    "StallCooldown": 4000,
    "BreedingChance": 50,
    "BreedingCooldown": 6000,
    "GrowingAge": -24000,
    "Parent First": "",
    "Parent Second": ""
  },
  "milk_holstein": {
    "SpawnRate": 100,
    "IsEnabled": true,
    "WorldCooldown": 4000,
    "StallCooldown": 4000,
    "BreedingChance": 50,
    "BreedingCooldown": 6000,
    "GrowingAge": -24000,
    "Parent First": "",
    "Parent Second": ""
  },
  "milk_goat": {
    "SpawnRate": 100,
    "IsEnabled": true,
    "WorldCooldown": 4000,
    "StallCooldown": 4000,
    "BreedingChance": 50,
    "BreedingCooldown": 6000,
    "GrowingAge": -24000,
    "Parent First": "",
    "Parent Second": ""
  },
  "animania_honey": {
    "SpawnRate": 100,
    "IsEnabled": true,
    "WorldCooldown": 4000,
    "StallCooldown": 4000,
    "BreedingChance": 50,
    "BreedingCooldown": 6000,
    "GrowingAge": -24000,
    "Parent First": "",
    "Parent Second": ""
  },
  "ichor": {
    "SpawnRate": 100,
    "IsEnabled": true,
    "WorldCooldown": 4000,
    "StallCooldown": 4000,
    "BreedingChance": 50,
    "BreedingCooldown": 6000,
    "GrowingAge": -24000,
    "Parent First": "",
    "Parent Second": ""
  },
  "cultivator_water": {
    "SpawnRate": 100,
    "IsEnabled": true,
    "WorldCooldown": 4000,
    "StallCooldown": 4000,
    "BreedingChance": 50,
    "BreedingCooldown": 6000,
    "GrowingAge": -24000,
    "Parent First": "",
    "Parent Second": ""
  },
  "fossil_tar": {
    "SpawnRate": 100,
    "IsEnabled": true,
    "WorldCooldown": 4000,
    "StallCooldown": 4000,
    "BreedingChance": 50,
    "BreedingCooldown": 6000,
    "GrowingAge": -24000,
    "Parent First": "",
    "Parent Second": ""
  },
  "frozen_water_fluid": {
    "SpawnRate": 100,
    "IsEnabled": true,
    "WorldCooldown": 4000,
    "StallCooldown": 4000,
    "BreedingChance": 50,
    "BreedingCooldown": 6000,
    "GrowingAge": -24000,
    "Parent First": "",
    "Parent Second": ""
  },
  "gaseous_cheese_milk": {
    "SpawnRate": 100,
    "IsEnabled": true,
    "WorldCooldown": 4000,
    "StallCooldown": 4000,
    "BreedingChance": 50,
    "BreedingCooldown": 6000,
    "GrowingAge": -24000,
    "Parent First": "",
    "Parent Second": ""
  },
  "cheese_milk_fluid": {
    "SpawnRate": 100,
    "IsEnabled": true,
    "WorldCooldown": 4000,
    "StallCooldown": 4000,
    "BreedingChance": 50,
    "BreedingCooldown": 6000,
    "GrowingAge": -24000,
    "Parent First": "",
    "Parent Second": ""
  },
  "nuclear_waste_fluid": {
    "SpawnRate": 100,
    "IsEnabled": true,
    "WorldCooldown": 4000,
    "StallCooldown": 4000,
    "BreedingChance": 50,
    "BreedingCooldown": 6000,
    "GrowingAge": -24000,
    "Parent First": "",
    "Parent Second": ""
  },
  "radioactive_water_fluid": {
    "SpawnRate": 100,
    "IsEnabled": true,
    "WorldCooldown": 4000,
    "StallCooldown": 4000,
    "BreedingChance": 50,
    "BreedingCooldown": 6000,
    "GrowingAge": -24000,
    "Parent First": "",
    "Parent Second": ""
  },
  "glowstone_fluid": {
    "SpawnRate": 100,
    "IsEnabled": true,
    "WorldCooldown": 4000,
    "StallCooldown": 4000,
    "BreedingChance": 50,
    "BreedingCooldown": 6000,
    "GrowingAge": -24000,
    "Parent First": "",
    "Parent Second": ""
  },
  "liquid_caramel_fluid": {
    "SpawnRate": 100,
    "IsEnabled": true,
    "WorldCooldown": 4000,
    "StallCooldown": 4000,
    "BreedingChance": 50,
    "BreedingCooldown": 6000,
    "GrowingAge": -24000,
    "Parent First": "",
    "Parent Second": ""
  },
  "sulphuricacid": {
    "SpawnRate": 100,
    "IsEnabled": true,
    "WorldCooldown": 4000,
    "StallCooldown": 4000,
    "BreedingChance": 50,
    "BreedingCooldown": 6000,
    "GrowingAge": -24000,
    "Parent First": "",
    "Parent Second": ""
  },
  "purified_water_fluid": {
    "SpawnRate": 100,
    "IsEnabled": true,
    "WorldCooldown": 4000,
    "StallCooldown": 4000,
    "BreedingChance": 50,
    "BreedingCooldown": 6000,
    "GrowingAge": -24000,
    "Parent First": "",
    "Parent Second": ""
  },
  "fuel": {
    "SpawnRate": 100,
    "IsEnabled": true,
    "WorldCooldown": 4000,
    "StallCooldown": 4000,
    "BreedingChance": 50,
    "BreedingCooldown": 6000,
    "GrowingAge": -24000,
    "Parent First": "",
    "Parent Second": ""
  },
  "bacterialsludge": {
    "SpawnRate": 100,
    "IsEnabled": true,
    "WorldCooldown": 4000,
    "StallCooldown": 4000,
    "BreedingChance": 50,
    "BreedingCooldown": 6000,
    "GrowingAge": -24000,
    "Parent First": "",
    "Parent Second": ""
  },
  "infected_water_fluid_mp": {
    "SpawnRate": 100,
    "IsEnabled": true,
    "WorldCooldown": 4000,
    "StallCooldown": 4000,
    "BreedingChance": 50,
    "BreedingCooldown": 6000,
    "GrowingAge": -24000,
    "Parent First": "",
    "Parent Second": ""
  },
  "infected_water_fluid": {
    "SpawnRate": 100,
    "IsEnabled": true,
    "WorldCooldown": 4000,
    "StallCooldown": 4000,
    "BreedingChance": 50,
    "BreedingCooldown": 6000,
    "GrowingAge": -24000,
    "Parent First": "",
    "Parent Second": ""
  },
  "nitrogen_ice_fluid": {
    "SpawnRate": 100,
    "IsEnabled": true,
    "WorldCooldown": 4000,
    "StallCooldown": 4000,
    "BreedingChance": 50,
    "BreedingCooldown": 6000,
    "GrowingAge": -24000,
    "Parent First": "",
    "Parent Second": ""
  },
  "salt_fluid": {
    "SpawnRate": 100,
    "IsEnabled": true,
    "WorldCooldown": 4000,
    "StallCooldown": 4000,
    "BreedingChance": 50,
    "BreedingCooldown": 6000,
    "GrowingAge": -24000,
    "Parent First": "",
    "Parent Second": ""
  },
  "liquid_hydrocarbon_fluid": {
    "SpawnRate": 100,
    "IsEnabled": true,
    "WorldCooldown": 4000,
    "StallCooldown": 4000,
    "BreedingChance": 50,
    "BreedingCooldown": 6000,
    "GrowingAge": -24000,
    "Parent First": "",
    "Parent Second": ""
  },
  "infected_purlonite_water_fluid": {
    "SpawnRate": 100,
    "IsEnabled": true,
    "WorldCooldown": 4000,
    "StallCooldown": 4000,
    "BreedingChance": 50,
    "BreedingCooldown": 6000,
    "GrowingAge": -24000,
    "Parent First": "",
    "Parent Second": ""
  },
  "infected_purlonite_lava_fluid": {
    "SpawnRate": 100,
    "IsEnabled": true,
    "WorldCooldown": 4000,
    "StallCooldown": 4000,
    "BreedingChance": 50,
    "BreedingCooldown": 6000,
    "GrowingAge": -24000,
    "Parent First": "",
    "Parent Second": ""
  },
  "liquid_chocolate_fluid": {
    "SpawnRate": 100,
    "IsEnabled": true,
    "WorldCooldown": 4000,
    "StallCooldown": 4000,
    "BreedingChance": 50,
    "BreedingCooldown": 6000,
    "GrowingAge": -24000,
    "Parent First": "",
    "Parent Second": ""
  },
  "helium_gas": {
    "SpawnRate": 100,
    "IsEnabled": true,
    "WorldCooldown": 4000,
    "StallCooldown": 4000,
    "BreedingChance": 50,
    "BreedingCooldown": 6000,
    "GrowingAge": -24000,
    "Parent First": "",
    "Parent Second": ""
  },
  "nitrogen_fluid": {
    "SpawnRate": 100,
    "IsEnabled": true,
    "WorldCooldown": 4000,
    "StallCooldown": 4000,
    "BreedingChance": 50,
    "BreedingCooldown": 6000,
    "GrowingAge": -24000,
    "Parent First": "",
    "Parent Second": ""
  },
  "magma_fluid": {
    "SpawnRate": 100,
    "IsEnabled": true,
    "WorldCooldown": 4000,
    "StallCooldown": 4000,
    "BreedingChance": 50,
    "BreedingCooldown": 6000,
    "GrowingAge": -24000,
    "Parent First": "",
    "Parent Second": ""
  },
  "clean_water_fluid": {
    "SpawnRate": 100,
    "IsEnabled": true,
    "WorldCooldown": 4000,
    "StallCooldown": 4000,
    "BreedingChance": 50,
    "BreedingCooldown": 6000,
    "GrowingAge": -24000,
    "Parent First": "",
    "Parent Second": ""
  },
  "methane_fluid": {
    "SpawnRate": 100,
    "IsEnabled": true,
    "WorldCooldown": 4000,
    "StallCooldown": 4000,
    "BreedingChance": 50,
    "BreedingCooldown": 6000,
    "GrowingAge": -24000,
    "Parent First": "",
    "Parent Second": ""
  },
  "endacid": {
    "SpawnRate": 100,
    "IsEnabled": true,
    "WorldCooldown": 4000,
    "StallCooldown": 4000,
    "BreedingChance": 50,
    "BreedingCooldown": 6000,
    "GrowingAge": -24000,
    "Parent First": "",
    "Parent Second": ""
  }
}