{
  "spawns": {
    "allosaurus": [
      {
        "biomes": [
          "minecraft:plains",
          "minecraft:mutated_plains",
          "minecraft:savanna",
          "minecraft:mutated_savanna",
          "minecraft:redwood_taiga"
        ],
        "spawnWeight": 6,
        "packMin": 1,
        "packMax": 3
      },
      {
        "biomes": [
          "minecraft:taiga",
          "minecraft:savanna_rock",
          "minecraft:river"
        ],
        "spawnWeight": 2,
        "packMin": 1,
        "packMax": 2
      }
    ],
    "ankylosaurus": [
      {
        "biomes": [
          "minecraft:jungle_edge",
          "minecraft:plains",
          "minecraft:mutated_plains"
        ],
        "spawnWeight": 8,
        "packMin": 2,
        "packMax": 4
      },
      {
        "biomes": [
          "minecraft:savanna"
        ],
        "spawnWeight": 4,
        "packMin": 1,
        "packMax": 2
      }
    ],
    "arthropleura": [
      {
        "biomes": [
          "minecraft:jungle",
          "minecraft:jungle_edge",
          "minecraft:swampland"
        ],
        "spawnWeight": 12,
        "packMin": 1,
        "packMax": 2
      },
      {
        "biomes": [
          "minecraft:jungle_hills",
          "minecraft:mutated_swampland"
        ],
        "spawnWeight": 6,
        "packMin": 1,
        "packMax": 1
      }
    ],
    "brachiosaurus": [
      {
        "biomes": [
          "minecraft:jungle_edge",
          "minecraft:plains",
          "minecraft:mutated_plains"
        ],
        "spawnWeight": 12,
        "packMin": 2,
        "packMax": 3
      },
      {
        "biomes": [
          "minecraft:savanna"
        ],
        "spawnWeight": 6,
        "packMin": 2,
        "packMax": 3
      }
    ],
    "ceratosaurus": [
      {
        "biomes": [
          "minecraft:swampland",
          "minecraft:mutated_swampland",
          "minecraft:river"
        ],
        "spawnWeight": 6,
        "packMin": 1,
        "packMax": 3
      }
    ],
    "crassigyrinus": [
      {
        "biomes": [
          "minecraft:swampland",
          "minecraft:mutated_swampland"
        ],
        "spawnWeight": 8,
        "packMin": 2,
        "packMax": 4
      }
    ],
    "compsognathus": [
      {
        "biomes": [
          "minecraft:jungle",
          "minecraft:jungle_edge",
          "minecraft:swampland"
        ],
        "spawnWeight": 12,
        "packMin": 2,
        "packMax": 4
      },
      {
        "biomes": [
          "minecraft:jungle_hills",
          "minecraft:mutated_swampland"
        ],
        "spawnWeight": 8,
        "packMin": 2,
        "packMax": 4
      }
    ],
    "confusciusornis": [
      {
        "biomes": [
          "minecraft:beaches",
          "minecraft:swampland",
          "minecraft:mutated_swampland",
          "minecraft:stone_beach"
        ],
        "spawnWeight": 20,
        "packMin": 2,
        "packMax": 4
      }
    ],
    "deinonychus": [
      {
        "biomes": [
          "minecraft:swampland",
          "minecraft:mutated_swampland",
          "minecraft:river"
        ],
        "spawnWeight": 12,
        "packMin": 2,
        "packMax": 4
      }
    ],
    "dilophosaurus": [
      {
        "biomes": [
          "minecraft:jungle",
          "minecraft:jungle_hills",
          "minecraft:jungle_edge",
          "minecraft:mutated_jungle",
          "minecraft:mutated_jungle_edge",
          "minecraft:swampland",
          "minecraft:mutated_swampland"
        ],
        "spawnWeight": 12,
        "packMin": 2,
        "packMax": 4
      }
    ],
    "diplocaulus": [
      {
        "biomes": [
          "minecraft:swampland",
          "minecraft:mutated_swampland"
        ],
        "spawnWeight": 8,
        "packMin": 2,
        "packMax": 4
      }
    ],
    "diplodocus": [
      {
        "biomes": [
          "minecraft:jungle_edge",
          "minecraft:plains",
          "minecraft:mutated_plains"
        ],
        "spawnWeight": 8,
        "packMin": 1,
        "packMax": 2
      },
      {
        "biomes": [
          "minecraft:savanna"
        ],
        "spawnWeight": 4,
        "packMin": 1,
        "packMax": 2
      }
    ],
    "dodo": [
      {
        "biomes": [
          "minecraft:beaches",
          "minecraft:jungle",
          "minecraft:jungle_hills",
          "minecraft:jungle_edge",
          "minecraft:mutated_jungle",
          "minecraft:mutated_jungle_edge"
        ],
        "spawnWeight": 12,
        "packMin": 2,
        "packMax": 4
      }
    ],
    "dryosaurus": [
      {
        "biomes": [
          "minecraft:birch_forest",
          "minecraft:mutated_birch_forest",
          "minecraft:forest",
          "minecraft:mutated_forest"
        ],
        "spawnWeight": 8,
        "packMin": 1,
        "packMax": 3
      }
    ],
    "edaphosaurus": [
      {
        "biomes": [
          "minecraft:swampland",
          "minecraft:mutated_swampland"
        ],
        "spawnWeight": 8,
        "packMin": 2,
        "packMax": 4
      }
    ],
    "elasmotherium": [
      {
        "biomes": [
          "minecraft:ice_flats",
          "minecraft:ice_mountains"
        ],
        "spawnWeight": 12,
        "packMin": 2,
        "packMax": 4
      }
    ],
    "gallimimus": [
      {
        "biomes": [
          "minecraft:swampland",
          "minecraft:mutated_swampland",
          "minecraft:river"
        ],
        "spawnWeight": 12,
        "packMin": 1,
        "packMax": 3
      }
    ],
    "gastornis": [
      {
        "biomes": [
          "minecraft:birch_forest",
          "minecraft:mutated_birch_forest",
          "minecraft:forest",
          "minecraft:mutated_forest"
        ],
        "spawnWeight": 6,
        "packMin": 1,
        "packMax": 3
      }
    ],
    "henodus": [
      {
        "biomes": [
          "minecraft:beaches",
          "minecraft:stone_beach"
        ],
        "spawnWeight": 12,
        "packMin": 2,
        "packMax": 4
      }
    ],
    "ichthyosaurus": [
      {
        "biomes": [
          "minecraft:ocean",
          "minecraft:deep_ocean",
          "minecraft:frozen_ocean"
        ],
        "spawnWeight": 2,
        "packMin": 1,
        "packMax": 2
      }
    ],
    "kelenken": [
      {
        "biomes": [
          "minecraft:plains",
          "minecraft:mutated_plains"
        ],
        "spawnWeight": 6,
        "packMin": 1,
        "packMax": 3
      }
    ],
    "liopleurodon": [
      {
        "biomes": [
          "minecraft:ocean",
          "minecraft:deep_ocean",
          "minecraft:frozen_ocean"
        ],
        "spawnWeight": 2,
        "packMin": 1,
        "packMax": 2
      }
    ],
    "mammoth": [
      {
        "biomes": [
          "minecraft:taiga_cold",
          "minecraft:redwood_taiga",
          "minecraft:ice_flats",
          "minecraft:ice_mountains"
        ],
        "spawnWeight": 12,
        "packMin": 2,
        "packMax": 4
      }
    ],
    "megalania": [
      {
        "biomes": [
          "minecraft:birch_forest",
          "minecraft:mutated_birch_forest",
          "minecraft:birch_forest_hills",
          "minecraft:mutated_birch_forest_hills",
          "minecraft:forest",
          "minecraft:mutated_forest"
        ],
        "spawnWeight": 8,
        "packMin": 1,
        "packMax": 2
      },
      {
        "biomes": [
          "minecraft:plains",
          "minecraft:mutated_plains"
        ],
        "spawnWeight": 4,
        "packMin": 1,
        "packMax": 2
      }
    ],
    "megaloceros": [
      {
        "biomes": [
          "minecraft:ice_flats",
          "minecraft:ice_mountains"
        ],
        "spawnWeight": 12,
        "packMin": 2,
        "packMax": 4
      }
    ],
    "megalodon": [
      {
        "biomes": [
          "minecraft:ocean",
          "minecraft:deep_ocean",
          "minecraft:frozen_ocean"
        ],
        "spawnWeight": 2,
        "packMin": 1,
        "packMax": 2
      }
    ],
    "megalograptus": [
      {
        "biomes": [
          "minecraft:beaches",
          "minecraft:stone_beach"
        ],
        "spawnWeight": 6,
        "packMin": 1,
        "packMax": 4
      }
    ],
    "meganeura": [
      {
        "biomes": [
          "minecraft:beaches",
          "minecraft:swampland",
          "minecraft:mutated_swampland",
          "minecraft:stone_beach"
        ],
        "spawnWeight": 12,
        "packMin": 2,
        "packMax": 4
      }
    ],
    "mosasaurus": [
      {
        "biomes": [
          "minecraft:ocean",
          "minecraft:deep_ocean",
          "minecraft:frozen_ocean"
        ],
        "spawnWeight": 2,
        "packMin": 1,
        "packMax": 2
      }
    ],
    "ornitolestes": [
      {
        "biomes": [
          "minecraft:birch_forest",
          "minecraft:mutated_birch_forest",
          "minecraft:forest",
          "minecraft:mutated_forest"
        ],
        "spawnWeight": 12,
        "packMin": 2,
        "packMax": 4
      }
    ],
    "pachycephalosaurus": [
      {
        "biomes": [
          "minecraft:birch_forest",
          "minecraft:mutated_birch_forest",
          "minecraft:birch_forest_hills",
          "minecraft:mutated_birch_forest_hills",
          "minecraft:forest",
          "minecraft:mutated_forest",
          "minecraft:plains",
          "minecraft:mutated_plains"
        ],
        "spawnWeight": 12,
        "packMin": 2,
        "packMax": 4
      }
    ],
    "parasaurolophus": [
      {
        "biomes": [
          "minecraft:birch_forest",
          "minecraft:mutated_birch_forest",
          "minecraft:forest",
          "minecraft:mutated_forest",
          "minecraft:plains",
          "minecraft:mutated_plains"
        ],
        "spawnWeight": 12,
        "packMin": 2,
        "packMax": 4
      }
    ],
    "phorusrhacos": [
      {
        "biomes": [
          "minecraft:birch_forest",
          "minecraft:mutated_birch_forest",
          "minecraft:forest",
          "minecraft:mutated_forest",
          "minecraft:plains",
          "minecraft:mutated_plains"
        ],
        "spawnWeight": 8,
        "packMin": 1,
        "packMax": 3
      }
    ],
    "platybelodon": [
      {
        "biomes": [
          "minecraft:plains",
          "minecraft:mutated_plains"
        ],
        "spawnWeight": 12,
        "packMin": 2,
        "packMax": 4
      }
    ],
    "plesiosaurus": [
      {
        "biomes": [
          "minecraft:ocean",
          "minecraft:deep_ocean",
          "minecraft:frozen_ocean"
        ],
        "spawnWeight": 8,
        "packMin": 2,
        "packMax": 4
      }
    ],
    "pteranodon": [
      {
        "biomes": [
          "minecraft:beaches",
          "minecraft:stone_beach"
        ],
        "spawnWeight": 12,
        "packMin": 2,
        "packMax": 4
      }
    ],
    "quagga": [
      {
        "biomes": [
          "minecraft:plains",
          "minecraft:mutated_plains"
        ],
        "spawnWeight": 20,
        "packMin": 2,
        "packMax": 4
      }
    ],
    "sarcosuchus": [
      {
        "biomes": [
          "minecraft:swampland",
          "minecraft:mutated_swampland",
          "minecraft:river"
        ],
        "spawnWeight": 6,
        "packMin": 1,
        "packMax": 2
      }
    ],
    "smilodon": [
      {
        "biomes": [
          "minecraft:extreme_hills",
          "minecraft:smaller_extreme_hills",
          "minecraft:extreme_hills_with_trees",
          "minecraft:taiga_cold",
          "minecraft:taiga_cold_hills",
          "minecraft:redwood_taiga",
          "minecraft:redwood_taiga_hills",
          "minecraft:ice_flats",
          "minecraft:ice_mountains"
        ],
        "spawnWeight": 8,
        "packMin": 1,
        "packMax": 2
      }
    ],
    "spinosaurus": [
      {
        "biomes": [
          "minecraft:swampland",
          "minecraft:mutated_swampland",
          "minecraft:river"
        ],
        "spawnWeight": 6,
        "packMin": 1,
        "packMax": 2
      }
    ],
    "stegosaurus": [
      {
        "biomes": [
          "minecraft:jungle_edge",
          "minecraft:plains",
          "minecraft:mutated_plains",
          "minecraft:savanna",
          "minecraft:mutated_savanna"
        ],
        "spawnWeight": 12,
        "packMin": 2,
        "packMax": 4
      },
      {
        "biomes": [
          "minecraft:forest",
          "minecraft:mutated_forest"
        ],
        "spawnWeight": 6,
        "packMin": 2,
        "packMax": 4
      }
    ],
    "therizinosaurus": [
      {
        "biomes": [
          "minecraft:birch_forest",
          "minecraft:mutated_birch_forest",
          "minecraft:forest",
          "minecraft:mutated_forest"
        ],
        "spawnWeight": 12,
        "packMin": 1,
        "packMax": 2
      }
    ],
    "titanis": [
      {
        "biomes": [
          "minecraft:plains",
          "minecraft:mutated_plains"
        ],
        "spawnWeight": 6,
        "packMin": 1,
        "packMax": 3
      }
    ],
    "triceratops": [
      {
        "biomes": [
          "minecraft:jungle_edge",
          "minecraft:plains",
          "minecraft:mutated_plains"
        ],
        "spawnWeight": 20,
        "packMin": 2,
        "packMax": 4
      },
      {
        "biomes": [
          "minecraft:savanna"
        ],
        "spawnWeight": 8,
        "packMin": 2,
        "packMax": 3
      }
    ],
    "tyrannosaurus": [
      {
        "biomes": [
          "minecraft:birch_forest",
          "minecraft:mutated_birch_forest",
          "minecraft:forest",
          "minecraft:mutated_forest",
          "minecraft:plains",
          "minecraft:mutated_plains",
          "minecraft:river"
        ],
        "spawnWeight": 8,
        "packMin": 1,
        "packMax": 3
      }
    ],
    "velociraptor": [
      {
        "biomes": [
          "minecraft:savanna",
          "minecraft:savanna_rock",
          "minecraft:mutated_savanna",
          "minecraft:mutated_savanna_rock"
        ],
        "spawnWeight": 8,
        "packMin": 2,
        "packMax": 6
      }
    ]
  }
}